{"Size of grid": [131072, 524288], "Manual Vectorization": [1.0637739419999999, 10.395138757599998], "Automatic Vectorization": [0.7940368194000001, 10.124968581599997], "TPU Parallelization": [1.2187918970000002, 12.368051219399998]}